site,lower,upper,range
1,0.323886,0.41720199999999996,0.09331599999999995
