site,lower,upper,range
1,0.30551550000000005,0.37100249999999996,0.0654869999999999
