site,lower,upper,range
1,0.305478,0.37115400000000004,0.06567600000000001
