site,lower,upper,range
1,0.32585299999999995,0.37920200000000004,0.05334900000000009
