site,lower,upper,range
1,0.320441,0.39850699999999994,0.07806599999999997
