site,lower,upper,range
1,0.3345175,0.427227,0.0927095
