site,lower,upper,range
1,0.293288,0.380198,0.08690999999999999
