site,lower,upper,range
1,-0.024058896743554527,0.8765545291893432,0.9006134259328977
2,-0.02482182308892373,0.8155238899906132,0.840345713079537
3,-0.025745415047896313,0.7315740644192488,0.7573194794671451
4,-0.026395446472795882,0.6312819239880152,0.6576773704608111
5,-0.026924408794194474,0.5222812353288818,0.5492056441230763
