site,lower,upper,range
1,-0.023348496106265187,0.8760681209556294,0.8994166170618946
2,-0.02316054837327614,0.8115244682076921,0.8346850165809683
3,-0.023822371249678037,0.7297443640447913,0.7535667352944693
4,-0.025014212499984527,0.6345506376338006,0.6595648501337851
5,-0.024935789546036917,0.5206567414095755,0.5455925309556124
