site,lower,upper,range
1,0.32661999999999997,0.404284,0.07766400000000001
