site,lower,upper,range
1,0.31033749999999993,0.43581749999999997,0.12548000000000004
