site,lower,upper,range
1,0.33067275,0.47449549999999996,0.14382274999999994
