site,lower,upper,range
1,0.331783,0.46191999999999994,0.13013699999999995
