site,lower,upper,range
1,0.30638,0.412422,0.10604200000000003
