site,lower,upper,range
1,0.32155925,0.4264945,0.10493524999999998
