site,lower,upper,range
1,0.32236025,0.35926175,0.036901499999999976
