site,lower,upper,range
1,0.32400025,0.39926300000000003,0.07526275000000004
