site,lower,upper,range
1,0.31140750000000006,0.441506,0.13009849999999995
