site,lower,upper,range
1,0.3592485,0.4241515,0.06490299999999999
