site,lower,upper,range
1,0.32643675,0.4091739999999999,0.08273724999999993
