site,lower,upper,range
1,0.32077,0.397514,0.07674399999999998
