site,lower,upper,range
1,-32.739999999999995,27.095000000000002,59.834999999999994
