site,lower,upper,range
1,0.35845925,0.4055605,0.04710124999999998
