site,lower,upper,range
1,0.365405,0.421475,0.05607000000000001
