site,lower,upper,range
1,0.3169615,0.394127,0.0771655
