site,lower,upper,range
1,0.31447175000000005,0.42014425,0.10567249999999995
