site,lower,upper,range
1,0.34237,0.51307975,0.17070974999999994
