site,lower,upper,range
1,7.840603485417032e-7,1,0.9999992159396515
2,6.7451235533952554e-6,1,0.9999932548764466
3,NA,NA,NA
4,4.283514226767294e-6,1,0.9999957164857732
