site,lower,upper,range
1,0.36123,0.408216,0.04698600000000003
