site,lower,upper,range
1,0.32118650000000004,0.39277025,0.07158374999999995
