site,lower,upper,range
1,0.299424,0.45337175,0.15394775
