site,lower,upper,range
1,0.356676,0.46445,0.10777399999999998
