site,lower,upper,range
1,0.31689599999999996,0.39078199999999996,0.07388600000000001
