site,lower,upper,range
1,0.3228415,0.40057,0.07772849999999998
