site,lower,upper,range
1,0.33172675,0.4624832499999999,0.1307564999999999
