site,lower,upper,range
1,0.32553624999999997,0.38600675,0.06047050000000004
