site,lower,upper,range
1,-0.1523080196161383,1.031049597023609,1.1833576166397475
