site,lower,upper,range
1,0.30549,0.37123,0.06574000000000002
