site,lower,upper,range
1,0.30687699999999996,0.39877724999999997,0.09190025000000002
