site,lower,upper,range
1,0.31350275,0.407649,0.09414624999999999
