site,lower,upper,range
1,0.307012,0.417883,0.110871
