site,lower,upper,range
1,0.339014,0.37769700000000006,0.03868300000000008
