site,lower,upper,range
1,0.31056625000000004,0.41251125,0.10194499999999995
