site,lower,upper,range
1,0.31957199999999997,0.4957099999999999,0.1761379999999999
