site,lower,upper,range
1,0.31961,0.49512075000000005,0.17551075000000005
