site,lower,upper,range
1,0.31144550000000004,0.38339449999999997,0.07194899999999993
