site,lower,upper,range
1,2.4800000000000004,34.37,31.889999999999997
