site,lower,upper,range
1,-0.010950554837922536,0.9670729509473656,0.9780235057852881
2,-0.012172664560060407,0.9466213215413606,0.958793986101421
3,-0.017474570899337127,0.9136125529815156,0.9310871238808527
4,-0.023424240747389594,0.8629999600476791,0.8864242007950687
5,-0.029362706741965006,0.8133832523861879,0.842745959128153
