site,lower,upper,range
1,-0.011757125960316,0.9705806541064698,0.9823377800667857
2,-0.014166715829653119,0.949629055941299,0.9637957717709521
3,-0.017906515382446673,0.9151267061347659,0.9330332215172126
4,-0.023940165870664845,0.8644117646268616,0.8883519304975265
5,-0.02959746766196423,0.8135927242809271,0.8431901919428914
