site,lower,upper,range
1,0.313444,0.35391999999999996,0.040475999999999956
