site,lower,upper,range
1,0.33163,0.3657452499999999,0.03411524999999993
