site,lower,upper,range
1,-1.9249999999999998,32.44,34.364999999999995
