site,lower,upper,range
1,0.30990650000000003,0.3948135,0.08490699999999995
