site,lower,upper,range
1,0.30576000000000003,0.407665,0.10190499999999997
