site,lower,upper,range
1,-20.580000000000002,28.060000000000002,48.64
