site,lower,upper,range
1,11.875,22.439999999999998,10.564999999999998
