site,lower,upper,range
1,0.319508,0.49656025,0.17705224999999997
