site,lower,upper,range
1,0.29377000000000003,0.381212,0.08744199999999996
