site,lower,upper,range
1,0.333898,0.41609799999999997,0.0822
