site,lower,upper,range
1,0.33390925,0.4159925,0.08208325
