site,lower,upper,range
1,0.33974649999999995,0.4937715,0.15402500000000002
