site,lower,upper,range
1,0.34089800000000003,0.39627,0.05537199999999998
