site,lower,upper,range
1,0.3520285,0.42456499999999997,0.07253649999999995
