site,lower,upper,range
1,0.311552,0.44117799999999996,0.12962599999999996
