site,lower,upper,range
1,0.31530900000000006,0.41161925,0.09631024999999993
