site,lower,upper,range
1,0.3250595,0.413841,0.08878150000000001
