site,lower,upper,range
1,-33.724999999999994,22.32,56.044999999999995
