site,lower,upper,range
1,0.29891325,0.40588124999999997,0.10696799999999995
