site,lower,upper,range
1,0.341971,0.40413425,0.06216324999999995
