site,lower,upper,range
1,0.32137875,0.4259485,0.10456975000000002
