site,lower,upper,range
1,-16.81,28.369999999999997,45.17999999999999
