site,lower,upper,range
1,0.32493700000000003,0.3922892499999999,0.06735224999999989
