site,lower,upper,range
1,0.32739,0.4488025,0.12141249999999998
