site,lower,upper,range
1,0.3013785,0.41481225000000005,0.11343375000000006
