site,lower,upper,range
1,0.31332400000000005,0.42004,0.10671599999999998
