site,lower,upper,range
1,0.340022,0.494396,0.154374
