site,lower,upper,range
1,0.31291225,0.42061,0.10769774999999998
