site,lower,upper,range
1,0.318635,0.41763375,0.09899875000000002
