site,lower,upper,range
1,0.32417,0.429585,0.10541499999999998
