site,lower,upper,range
1,0.323961,0.4283870000000001,0.10442600000000007
