site,lower,upper,range
1,0.32182,0.36328,0.04146
