site,lower,upper,range
1,0.321448,0.3653035,0.04385549999999999
