site,lower,upper,range
1,0.34340075,0.42590849999999997,0.08250774999999999
