site,lower,upper,range
1,0.34133,0.392015,0.05068499999999998
