site,lower,upper,range
1,0.34131,0.39296125,0.05165124999999998
