site,lower,upper,range
1,0.33628175000000005,0.35814499999999994,0.02186324999999989
