site,lower,upper,range
1,0.33178,0.36474500000000004,0.03296500000000002
