site,lower,upper,range
1,0.3145925,0.420199,0.10560649999999999
