site,lower,upper,range
1,0.2923805,0.40962799999999994,0.11724749999999995
