site,lower,upper,range
1,0.32650475,0.394517,0.06801225
