site,lower,upper,range
1,0.29000225,0.44412699999999994,0.15412474999999992
