site,lower,upper,range
1,0.3423445,0.3932085,0.05086400000000002
