site,lower,upper,range
1,0.317036,0.34019200000000005,0.023156000000000065
