site,lower,upper,range
1,-9.139999999999999,29.729999999999997,38.87
