site,lower,upper,range
1,0.328463,0.4159135,0.08745049999999999
