site,lower,upper,range
1,0.33515775,0.38382574999999997,0.04866799999999999
