site,lower,upper,range
1,-13.344999999999999,25.035,38.379999999999995
