site,lower,upper,range
1,0.32495175000000004,0.39913675,0.07418499999999995
