site,lower,upper,range
1,0.3061655,0.4125885,0.10642300000000005
