site,lower,upper,range
1,0.3218375,0.4083645,0.08652700000000002
