site,lower,upper,range
1,0.28775,0.410076,0.12232599999999999
