site,lower,upper,range
1,0.3445415,0.41994999999999993,0.07540849999999993
