site,lower,upper,range
1,0.309712,0.408069,0.09835700000000003
