site,lower,upper,range
1,0.33354,0.4114925,0.07795249999999998
