site,lower,upper,range
1,0.32977,0.37567000000000006,0.04590000000000005
