site,lower,upper,range
1,0.29641975,0.37014075,0.07372100000000004
