stats,theo_mismatch,est_mismatch,model_predskill
corr,0.859884506828135,0.9180471134658253,0.887065425105353
R2,0.739401365083065,0.842810502542934,0.7868850684173406
RMSE,0.09228906848777096,0.07561451782766607,0.0578999942486263
nRMSE,0.16082393593961253,0.13176668234366928,0.10089716061202725
