stats,theo_mismatch,est_mismatch,model_predskill
corr,NA,NA,0.9528489810288666
R2,NA,NA,0.9079211806477493
RMSE,0.359060966177414,0.3574803234850318,0.01031627759968525
nRMSE,2.348031429357926,2.337695026713522,0.06746192518758337
