stats,theo_mismatch,est_mismatch,model_predskill
corr,0.994110255458951,0.9866758738945864,0.9908092847378199
R2,0.988255200008661,0.9735292801256459,0.9817030387226703
RMSE,0.061308056633414924,0.07245716042994375,0.02792758329047288
nRMSE,0.0628832206881588,0.074318774072348,0.028645115826172962
