stats,theo_mismatch,est_mismatch,model_predskill
corr,0.9940749011956374,0.9866629437825808,0.9910569567004858
R2,0.988184909187116,0.9735037646337081,0.9821938914244286
RMSE,0.06147595630280766,0.0714868226249804,0.027349802771520392
nRMSE,0.06270761767307872,0.07291905016898019,0.027897751881775644
