stats,theo_mismatch,est_mismatch,model_predskill
corr,0.9413415527616328,0.9605404375292935,0.9807881384299132
R2,0.8861239189556819,0.9226379321289665,0.9619453724848145
RMSE,0.1487312762549751,0.1248609939960665,0.07912205845835601
nRMSE,0.13637182699473635,0.11448514596507282,0.07254707912983038
