stats,theo_mismatch,est_mismatch,model_predskill
corr,0.9552456532717299,0.9652244297770052,0.989589092235671
R2,0.9124942580945341,0.9316581998383447,0.9792865714718196
RMSE,0.1315934564948213,0.11768637511260033,0.05818350718492477
nRMSE,0.13160605688473737,0.11769764386603022,0.05818907839565776
