stats,theo_mismatch,est_mismatch,model_predskill
corr,0.7441588011800484,0.7684878558048723,0.9755429673969191
R2,0.5537723213737267,0.5905735845195702,0.9516840812375864
RMSE,0.2513409463765453,0.24361335457355268,0.07251694784852937
nRMSE,0.2417360244585428,0.2343037403519362,0.06974573356029519
