stats,theo_mismatch,est_mismatch,model_predskill
corr,0.7619557504564543,0.7760453352482866,0.9883699727061567
R2,0.5805765656536583,0.6022463623606255,0.9768752029471689
RMSE,0.24124429412284018,0.23706853829286967,0.05017306001098458
nRMSE,0.24396978279195053,0.23974685081946878,0.05073989665701485
