stats,theo_mismatch,est_mismatch,model_predskill
corr,0.9720353928619413,0.9717992587491653,0.993697443152003
R2,0.9448528049762686,0.9443937993054271,0.9874346085268283
RMSE,0.09657019912954017,0.0985926744071331,0.03236018000307222
nRMSE,0.09109306465844957,0.09300083199135893,0.030524820244232222
