stats,theo_mismatch,est_mismatch,model_predskill
corr,0.5211118932677534,0.7582396160759638,0.8568178948786771
R2,0.2715576053051025,0.5749273153870249,0.7341369049843277
RMSE,0.3968587269305473,0.26446051279172056,0.21378617576864273
nRMSE,0.37894804952926936,0.2525251146045012,0.20413776698433705
