stats,theo_mismatch,est_mismatch,model_predskill
corr,0.4304676769699551,0.5968880620851899,0.9427243357586084
R2,0.1853024209159096,0.3562753586598134,0.8887291732315094
RMSE,0.43284150598918153,0.3518540468629884,0.1354747172152268
nRMSE,0.4310632606092979,0.35040852275180684,0.13491814561420054
