stats,theo_mismatch,est_mismatch,model_predskill
corr,0.520871899070274,0.7603576851935303,0.8292900510996749
R2,0.27130753524107365,0.5781438094328638,0.6877219888529015
RMSE,0.39692571543598415,0.2641828144518078,0.23191114482026456
nRMSE,0.37589208121118456,0.25018340732961136,0.2196218574218756
