stats,theo_mismatch,est_mismatch,model_predskill
corr,0.8508831449953349,0.8705516604015321,0.9038632708266988
R2,0.724002126437152,0.7578601934278645,0.8169688123495382
RMSE,0.22370680956008782,0.20144620716647943,0.17638557209899972
nRMSE,0.20280874637131133,0.18262766706578712,0.15990812629141782
