site,lower,upper,range
1,0.30245,0.39472,0.09227000000000002
