site,lower,upper,range
1,0.330253,0.35415525000000003,0.023902250000000014
