site,lower,upper,range
1,0.31023725,0.47430325,0.164066
