site,lower,upper,range
1,0.3277275,0.41185125,0.08412375
