site,lower,upper,range
1,0.32264499999999996,0.40138874999999996,0.07874375
