site,lower,upper,range
1,0.323794,0.39604000000000006,0.07224600000000003
