site,lower,upper,range
1,0.304902,0.38537599999999994,0.08047399999999993
