site,lower,upper,range
1,0.30123999999999995,0.4172425,0.11600250000000006
