site,lower,upper,range
1,0.310512,0.40917499999999996,0.09866299999999995
