site,lower,upper,range
1,0.312824,0.42073000000000005,0.10790600000000006
