site,lower,upper,range
1,0.31707075,0.34005699999999994,0.02298624999999993
