site,lower,upper,range
1,0.3171075,0.34097500000000003,0.02386750000000004
