site,lower,upper,range
1,0.28466875,0.36563625,0.08096749999999997
