site,lower,upper,range
1,0.28499874999999997,0.36503625,0.08003750000000004
