site,lower,upper,range
1,1.0499999999999998,34.27,33.220000000000006
