site,lower,upper,range
1,0.31087,0.41282,0.10195000000000004
