site,lower,upper,range
1,0.31407,0.41699,0.10292000000000001
