site,lower,upper,range
1,0.3143325,0.41641249999999996,0.10207999999999995
