site,lower,upper,range
1,-0.06055166427731424,1.038718156495977,1.0992698207732914
2,-0.06185136311373947,1.0383488257995914,1.1002001889133308
3,-0.05831890883462704,1.041311107224057,1.099630016058684
4,-0.060050614429632325,1.0366040941465768,1.096654708576209
5,-0.05747395424496966,1.036806402340586,1.0942803565855557
