site,lower,upper,range
1,-0.008394574994978298,0.9963154769934296,1.0047100519884078
2,-0.008913661416446577,0.9953771941182712,1.0042908555347179
3,-0.008917773621107043,0.9949734434203114,1.0038912170414185
4,-0.009245227084490118,0.9951882450853634,1.0044334721698536
5,-0.008562474027546615,0.996356524974203,1.0049189990017495
