site,lower,upper,range
1,-0.009025844150783297,0.9959535740190659,1.0049794181698493
2,-0.009136029057379084,0.9963800120904429,1.005516041147822
3,-0.008052811032642094,0.995939253759685,1.003992064792327
4,-0.008732899106453858,0.9963347069038923,1.005067606010346
5,-0.008916694725386662,0.9955752159464939,1.0044919106718806
