site,lower,upper,range
1,-0.06385831348404622,1.038666209663133,1.1025245231471792
2,-0.06390303641376949,1.0399206537030987,1.1038236901168683
3,-0.06371676856543937,1.0403742935707947,1.104091062136234
4,-0.06409065148912277,1.040817432150111,1.1049080836392338
5,-0.06475577832930117,1.0429071301215214,1.1076629084508225
