site,lower,upper,range
1,-0.11132214055407566,2.6442054839482316,2.7555276245023075
2,-0.11132214055407566,2.6442054839482316,2.7555276245023075
3,-0.11132214055407566,2.6442054839482316,2.7555276245023075
4,-0.11132214055407566,2.6442054839482316,2.7555276245023075
5,-0.11132214055407566,2.6442054839482316,2.7555276245023075
