site,lower,upper,range
1,-0.6775321436211144,3.202326723766769,3.8798588673878833
2,-0.6775321436211144,3.202326723766769,3.8798588673878833
3,-0.6775321436211144,3.202326723766769,3.8798588673878833
4,-0.6775321436211144,3.202326723766769,3.8798588673878833
5,-0.6775321436211144,3.202326723766769,3.8798588673878833
