site,lower,upper,range
1,-0.11553540744704274,2.6402123028821296,2.7557477103291723
2,-0.11553540744704274,2.6402123028821296,2.7557477103291723
3,-0.11553540744704274,2.6402123028821296,2.7557477103291723
4,-0.11553540744704274,2.6402123028821296,2.7557477103291723
5,-0.11553540744704274,2.6402123028821296,2.7557477103291723
