site,lower,upper,range
1,0.32114299999999996,0.4387105,0.11756750000000005
