site,lower,upper,range
1,0.32410150000000004,0.371003,0.046901499999999985
