site,lower,upper,range
1,0.31839,0.39072,0.07233
