site,lower,upper,range
1,0.312349,0.4028095,0.0904605
