site,lower,upper,range
1,0.31710799999999995,0.39398,0.07687200000000005
