site,lower,upper,range
1,0.31694,0.39408,0.07713999999999999
