site,lower,upper,range
1,-4.745,28.979999999999997,33.724999999999994
