site,lower,upper,range
1,-0.0203800042201013,1.0029657422494374,1.0233457464695386
2,-0.01939886208267183,1.0063464659171595,1.0257453279998314
3,-0.01810584375345332,1.0090756379912917,1.027181481744745
4,-0.016424075977102274,1.0114654370139202,1.0278895129910226
5,-0.01507836848329815,1.0133811618220299,1.028459530305328
