site,lower,upper,range
1,-0.021934708685027532,1.005972665600004,1.0279073742850315
2,-0.02121047759845268,1.0085803971768867,1.0297908747753395
3,-0.019455083040624564,1.0114055250227354,1.03086060806336
4,-0.017846695662026332,1.0136618696168183,1.0315085652788445
5,-0.01541363385448553,1.014886225238421,1.0302998590929064
