site,lower,upper,range
1,-0.6899743234453207,3.212162251165353,3.9021365746106738
2,-0.6899743234453207,3.212162251165353,3.9021365746106738
3,-0.6899743234453207,3.212162251165353,3.9021365746106738
4,-0.6899743234453207,3.212162251165353,3.9021365746106738
5,-0.6899743234453207,3.212162251165353,3.9021365746106738
