site,lower,upper,range
1,0.31464,0.438704,0.12406400000000001
