site,lower,upper,range
1,0.314591,0.440407,0.12581599999999998
