site,lower,upper,range
1,0.30431600000000003,0.3992409999999999,0.09492499999999987
