site,lower,upper,range
1,0.29216,0.39119,0.099030000000000007
