site,lower,upper,range
1,0.2931905,0.38029599999999997,0.08710549999999995
