site,lower,upper,range
1,0.31448750000000003,0.41995,0.10546249999999996
