site,lower,upper,range
1,0.312933,0.38371425,0.07078124999999996
