site,lower,upper,range
1,0.32095575,0.429989,0.10903325000000003
