site,lower,upper,range
1,0.3035695,0.359247,0.05567749999999999
