site,lower,upper,range
1,0.30127675,0.3941597499999999,0.09288299999999994
