site,lower,upper,range
1,0.32409425,0.42898700000000006,0.10489275000000009
