site,lower,upper,range
1,-27.939999999999998,28.064999999999998,56.004999999999995
