site,lower,upper,range
1,0.31396325,0.41728275000000004,0.10331950000000001
