site,lower,upper,range
1,0.34131875,0.39210875,0.05079
