site,lower,upper,range
1,0.31024050000000003,0.36354,0.053299499999999944
