site,lower,upper,range
1,0.31454224999999997,0.4404885,0.12594625000000004
