site,lower,upper,range
1,0.3026725,0.40398,0.1013075
