site,lower,upper,range
1,0.2977625,0.39827375,0.10051125
