site,lower,upper,range
1,-0.007166049514458622,0.9911268137186047,0.9982928632330633
2,-0.006754719573530151,0.9779974410271323,0.9847521606006624
3,-0.01055752294319506,0.9458580348645013,0.9564155578076963
4,-0.018067067063263203,0.8940084849296928,0.912075551992956
5,-0.023984883259980508,0.8299228593962525,0.853907742656233
