site,lower,upper,range
1,-0.002573165111308207,0.9687607335742487,0.971333898685557
2,-0.005130599463952423,0.9491061218657066,0.9542367213296591
3,-0.011975402422607202,0.9125273639505302,0.9245027663731374
4,-0.018580555331560486,0.8609824049972823,0.8795629603288427
5,-0.023970260978491052,0.8104283114241015,0.8343985724025926
