site,lower,upper,range
1,-0.052283123123854906,1.0155628444937366,1.0678459676175915
2,-0.046975874284337714,0.9931534016925541,1.0401292759768919
3,-0.044699234867179374,0.957953111992712,1.0026523468598914
4,-0.04855294222727097,0.9057534195921927,0.9543063618194636
5,-0.05482567255760257,0.8522674887908135,0.9070931613484161
