site,lower,upper,range
1,-0.6779491817813749,3.2154889414577372,3.893438123239112
2,-0.6779491817813749,3.2154889414577372,3.893438123239112
3,-0.6779491817813749,3.2154889414577372,3.893438123239112
4,-0.6779491817813749,3.2154889414577372,3.893438123239112
5,-0.6779491817813749,3.2154889414577372,3.893438123239112
