site,lower,upper,range
1,0.350084,0.368904,0.018820000000000003
