site,lower,upper,range
1,0.337035,0.39225125,0.05521625000000002
