site,lower,upper,range
1,0.28026850000000003,0.3905870000000001,0.11031850000000004
