site,lower,upper,range
1,0.334675,0.43913800000000003,0.10446300000000003
