site,lower,upper,range
1,0.32355700000000004,0.42372299999999996,0.10016599999999992
