site,lower,upper,range
1,0.31757,0.39011,0.07254
