site,lower,upper,range
1,0.33481975,0.439107,0.10428725
