site,lower,upper,range
1,0.335093,0.43799299999999997,0.10289999999999999
