site,lower,upper,range
1,0.3405435,0.49457675,0.15403325
