site,lower,upper,range
1,0.28483125000000004,0.36623875,0.08140749999999997
