site,lower,upper,range
1,0.3229655,0.4452195,0.12225399999999997
