site,lower,upper,range
1,0.2900305,0.40740324999999994,0.11737274999999991
