site,lower,upper,range
1,0.322209,0.460405,0.13819599999999999
