site,lower,upper,range
1,-0.07169127191665738,0.574509029466714,0.6462003013833714
2,-0.07296743742120637,0.46810125003175485,0.5410686874529612
3,-0.07364216666929388,0.3771430749620841,0.450785241631378
4,-0.07411974607113943,0.3157159453668241,0.38983569143796354
5,-0.07455370272465711,0.286422391641804,0.3609760943664611
