site,lower,upper,range
1,-0.010440561499468402,0.5812991268191005,0.5917396883185688
2,-0.011506589741730439,0.47617523771001746,0.48768182745174793
3,-0.011826352150893043,0.37479363657881637,0.38661998872970943
4,-0.011599063846152023,0.3050460595928104,0.3166451234389624
5,-0.011773690977752414,0.25674952462975964,0.2685232156075121
