site,lower,upper,range
1,-0.008472491096466283,0.8696250763650256,0.8780975674614919
2,-0.010036282616859786,0.8070609040092315,0.8170971866260912
3,-0.011233957618189197,0.7242285673893238,0.7354625250075131
4,-0.01102961333661687,0.6365615968939417,0.6475912102305585
5,-0.011464009933492038,0.5289336813759491,0.5403976913094412
