site,lower,upper,range
1,-0.07322020028896148,0.5785640612750308,0.6517842615639923
2,-0.0709510238749921,0.47026247981796276,0.5412135036929548
3,-0.07002080866873382,0.38426427665080776,0.4542850853195416
4,-0.07603000228593594,0.325424467161303,0.40145446944723895
5,-0.07433774470202406,0.29106909890043475,0.3654068436024588
