site,lower,upper,range
1,-0.6762075717261234,3.2074052415708763,3.883612813297
2,-0.6762075717261234,3.2074052415708763,3.883612813297
3,-0.6762075717261234,3.2074052415708763,3.883612813297
4,-0.6762075717261234,3.2074052415708763,3.883612813297
5,-0.6762075717261234,3.2074052415708763,3.883612813297
