site,lower,upper,range
1,-0.10607653318758269,2.6452093154256913,2.751285848613274
2,-0.10607653318758269,2.6452093154256913,2.751285848613274
3,-0.10607653318758269,2.6452093154256913,2.751285848613274
4,-0.10607653318758269,2.6452093154256913,2.751285848613274
5,-0.10607653318758269,2.6452093154256913,2.751285848613274
