site,lower,upper,range
1,-0.6789956852414205,3.206886881599649,3.8858825668410697
2,-0.6789956852414205,3.206886881599649,3.8858825668410697
3,-0.6789956852414205,3.206886881599649,3.8858825668410697
4,-0.6789956852414205,3.206886881599649,3.8858825668410697
5,-0.6789956852414205,3.206886881599649,3.8858825668410697
