site,lower,upper,range
1,-0.11294511657191048,2.642624111885803,2.7555692284577136
2,-0.11294511657191048,2.642624111885803,2.7555692284577136
3,-0.11294511657191048,2.642624111885803,2.7555692284577136
4,-0.11294511657191048,2.642624111885803,2.7555692284577136
5,-0.11294511657191048,2.642624111885803,2.7555692284577136
