site,lower,upper,range
1,0.32597475,0.39657675000000003,0.07060200000000005
