site,lower,upper,range
1,0.3119245,0.44032550000000004,0.12840100000000004
