site,lower,upper,range
1,0.3120505,0.37915599999999994,0.06710549999999993
