site,lower,upper,range
1,0.34378275,0.39134725000000004,0.04756450000000001
