stats,theo_mismatch,est_mismatch,model_predskill
corr,0.9879947258070917,0.9803357856356721,0.9787619222985191
R2,0.9761335782226302,0.9610582525979106,0.9579749005414923
RMSE,0.06593810008712593,0.07173784494188726,0.041562793661830584
nRMSE,0.07331207677986264,0.07976041756514547,0.04621083586114174
