stats,theo_mismatch,est_mismatch,model_predskill
corr,0.9879561579318092,0.9864775132937725,0.986928943360884
R2,0.976057369995382,0.9731378842342651,0.9740287392434309
RMSE,0.06585018547939125,0.06547398311858095,0.032832110607517805
nRMSE,0.06271821862095246,0.0623599091987504,0.031270549594944436
