stats,theo_mismatch,est_mismatch,model_predskill
corr,0.9546351087109397,0.9681941989400641,0.9936255340932796
R2,0.9113281907835478,0.9374000068611923,0.9872917020021551
RMSE,0.13449655706232436,0.11339437177641841,0.04664186016293564
nRMSE,0.13084501622130537,0.11031574888281222,0.04537554776798612
