site,lower,upper,range
1,0.306426,0.412319,0.10589300000000001
