site,lower,upper,range
1,0.33276,0.3812635,0.04850349999999998
