site,lower,upper,range
1,0.35895900000000003,0.406221,0.04726199999999997
