site,lower,upper,range
1,0.33550899999999995,0.37599899999999997,0.040490000000000026
