site,lower,upper,range
1,0.3317625,0.46292225,0.13115974999999996
