site,lower,upper,range
1,0.34196125,0.5127632499999999,0.1708019999999999
