site,lower,upper,range
1,0.3419145,0.511765,0.16985050000000002
