site,lower,upper,range
1,0.309544,0.459952,0.15040800000000004
