site,lower,upper,range
1,0.30838475,0.43024775000000004,0.12186300000000005
