site,lower,upper,range
1,0.288918,0.41049599999999997,0.12157799999999996
