site,lower,upper,range
1,0.33391824999999997,0.41580625,0.08188800000000002
