site,lower,upper,range
1,0.3108385,0.41307299999999997,0.10223449999999995
