site,lower,upper,range
1,0.29163300000000003,0.39010399999999995,0.09847099999999992
