site,lower,upper,range
1,0.29207099999999997,0.39095699999999994,0.09888599999999997
