site,lower,upper,range
1,0.31535,0.38276,0.06740999999999997
