site,lower,upper,range
1,0.3023225,0.4036175,0.10129500000000002
