site,lower,upper,range
1,-0.02572125698854504,1.0019176811138273,1.0276389381023723
2,-0.025446394086848532,1.0038587951273805,1.029305189214229
3,-0.02341149911253044,1.0024811701001048,1.0258926692126353
4,-0.024510073629504275,1.0032151065985304,1.0277251802280347
5,-0.023087180954364257,1.0039400579229236,1.0270272388772879
