site,lower,upper,range
1,-0.025159920258253327,1.001477309801878,1.0266372300601314
2,-0.024850065515403662,0.9998768512231595,1.024726916738563
3,-0.02396023558312644,0.9999008069235418,1.0238610425066683
4,-0.02390405983584912,1.000714204680217,1.0246182645160662
5,-0.02388687280779424,1.0012605278225737,1.025147400630368
