site,lower,upper,range
1,-0.024444301307049672,1.0045688089240101,1.0290131102310598
2,-0.0225188697261806,1.0065462602434305,1.0290651299696112
3,-0.022675323427035144,1.0088997164557618,1.031575039882797
4,-0.022032055552446052,1.0062079023991393,1.0282399579515853
5,-0.023183759122520794,1.0066588396232168,1.0298425987457376
