site,lower,upper,range
1,-0.02649450328257814,1.0006288958515765,1.0271233991341546
2,-0.024424755924553912,1.0026040069298516,1.0270287628544055
3,-0.024053046924909026,1.002718710534335,1.0267717574592439
4,-0.022111917462301248,1.002962583778856,1.0250745012411573
5,-0.024391103231796364,1.0015849770644953,1.0259760802962916
