site,lower,upper,range
1,-0.674210854858867,3.2133273547630155,3.8875382096218827
2,-0.674210854858867,3.2133273547630155,3.8875382096218827
3,-0.674210854858867,3.2133273547630155,3.8875382096218827
4,-0.674210854858867,3.2133273547630155,3.8875382096218827
5,-0.674210854858867,3.2133273547630155,3.8875382096218827
