site,lower,upper,range
1,-0.67915234485760545,3.2140856317640254,3.8932379766216307
2,-0.67915234485760545,3.2140856317640254,3.8932379766216307
3,-0.67915234485760545,3.2140856317640254,3.8932379766216307
4,-0.67915234485760545,3.2140856317640254,3.8932379766216307
5,-0.67915234485760545,3.2140856317640254,3.8932379766216307
