site,lower,upper,range
1,-0.6786418504678545,3.201879251412246,3.8805211018801007
2,-0.6786418504678545,3.201879251412246,3.8805211018801007
3,-0.6786418504678545,3.201879251412246,3.8805211018801007
4,-0.6786418504678545,3.201879251412246,3.8805211018801007
5,-0.6786418504678545,3.201879251412246,3.8805211018801007
