site,lower,upper,range
1,0.29397850000000003,0.4023645,0.10838599999999998
