site,lower,upper,range
1,-30.295,25.075000000000003,55.370000000000005
