site,lower,upper,range
1,0.29566,0.36929,0.07363000000000003
