site,lower,upper,range
1,0.30851799999999996,0.37912999999999997,0.07061200000000001
