site,lower,upper,range
1,0.29110199999999997,0.39169400000000004,0.10059200000000007
