site,lower,upper,range
1,0.3409065,0.4283145,0.08740799999999999
