site,lower,upper,range
1,0.31347,0.342366,0.028895999999999977
