site,lower,upper,range
1,0.32120225,0.42640174999999997,0.10519949999999995
