site,lower,upper,range
1,-0.011514841743170395,0.9806715432703077,0.9921863850134781
2,-0.010881391435049272,0.9873443201699745,0.9982257116050238
3,-0.009843346438925355,0.9922174050426942,1.0020607514816195
4,-0.008494992723750256,0.9964562021874714,1.0049511949112218
5,-0.007375551466415139,0.9998759080970228,1.0072514595634379
