site,lower,upper,range
1,-0.06903262082738461,1.0091265182884859,1.0781591391158705
2,-0.0664379215527663,1.018599174580715,1.0850370961334814
3,-0.06340117476412888,1.0280321978945568,1.0914333726586856
4,-0.059617904012922794,1.036389048635403,1.0960069526483258
5,-0.056448624479129864,1.0427739464144734,1.0992225708936032
