site,lower,upper,range
1,-0.11079828949552765,2.6404927319369507,2.751291021432478
2,-0.11079828949552765,2.6404927319369507,2.751291021432478
3,-0.11079828949552765,2.6404927319369507,2.751291021432478
4,-0.11079828949552765,2.6404927319369507,2.751291021432478
5,-0.11079828949552765,2.6404927319369507,2.751291021432478
