site,lower,upper,range
1,0.29812375,0.3999805,0.10185675
