site,lower,upper,range
1,0.33314225000000003,0.43420775,0.10106549999999997
