site,lower,upper,range
1,0.32074625,0.41012499999999996,0.08937874999999995
