site,lower,upper,range
1,-15.884999999999998,28.119999999999997,44.004999999999995
