site,lower,upper,range
1,0.309855,0.40784450000000005,0.09798950000000006
