site,lower,upper,range
1,0.3221545,0.38539925,0.06324475000000002
