site,lower,upper,range
1,0.32343075000000004,0.40315775000000004,0.07972699999999999
