site,lower,upper,range
1,0.32138975,0.3655319999999999,0.04414224999999994
