site,lower,upper,range
1,0.331621,0.36584799999999995,0.03422699999999995
