site,lower,upper,range
1,0.3316975,0.46348775000000003,0.13179025000000005
