site,lower,upper,range
1,0.33180325,0.46164624999999987,0.12984299999999988
