site,lower,upper,range
1,0.32852325,0.3902499999999999,0.061726749999999886
